Workbook
Name __: #REF!
Name __________kvs2: {#N/A,#N/A,FALSE,"COVER1.XLS ";#N/A,#N/A,FALSE,"RACT1.XLS";#N/A,#N/A,FALSE,"RACT2.XLS";#N/A,#N/A,FALSE,"ECCMP";#N/A,#N/A,FALSE,"WELDER.XLS"}
Name ____a1: {"'Sheet1'!$L$16"}
Name ____a1_1: {"'Sheet1'!$L$16"}
Name ____a1_2: {"'Sheet1'!$L$16"}
Name ____PK2: {"'장비'!$A$3:$M$12"}
Name ____PK2_1: {"'장비'!$A$3:$M$12"}
Name ____PK2_2: {"'장비'!$A$3:$M$12"}
Name ____PKG3: {"'장비'!$A$3:$M$12"}
Name ____PKG3_1: {"'장비'!$A$3:$M$12"}
Name ____PKG3_2: {"'장비'!$A$3:$M$12"}
Name ____qqq222: {"'장비'!$A$3:$M$12"}
Name ____qqq222_1: {"'장비'!$A$3:$M$12"}
Name ____qqq222_2: {"'장비'!$A$3:$M$12"}
Name ___can430: 40.73
Name ___can435: 43.3
Name ___PK2: {"'장비'!$A$3:$M$12"}
Name ___PK2_1: {"'장비'!$A$3:$M$12"}
Name ___PK2_2: {"'장비'!$A$3:$M$12"}
Name ___PKG3: {"'장비'!$A$3:$M$12"}
Name ___PKG3_1: {"'장비'!$A$3:$M$12"}
Name ___PKG3_2: {"'장비'!$A$3:$M$12"}
Name ___qqq222: {"'장비'!$A$3:$M$12"}
Name ___qqq222_1: {"'장비'!$A$3:$M$12"}
Name ___qqq222_2: {"'장비'!$A$3:$M$12"}
Name __123Graph_AGASDIES: [1]OECD!$L$57:$AF$57
Name __123Graph_AMANO: #REF!
Name __123Graph_AMTCONS: [1]OECD!$L$37:$AF$37
Name __123Graph_AOECDPARC: [1]OECD!$L$26:$AF$26
Name __123Graph_ART1: [1]OECD!$L$59:$AF$59
Name __123Graph_ART10: [2]UK!$L$57:$AF$57
Name __123Graph_ART11: [3]Italy!$L$12:$AF$12
Name __123Graph_ART12: [3]Italy!$L$26:$AF$26
Name __123Graph_ART13: [3]Italy!$L$57:$AF$57
Name __123Graph_ART14: [4]Spain!$L$12:$AF$12
Name __123Graph_ART15: [4]Spain!$L$57:$AF$57
Name __123Graph_ART2: [1]OECD!$L$59:$AF$59
Name __123Graph_ART22: [1]OECD!$L$62:$AF$62
Name __123Graph_ART6: [5]Japan!$L$14:$AF$14
Name __123Graph_ART7: [5]Japan!$L$56:$AF$56
Name __123Graph_ART8: [5]Japan!$L$133:$AF$133
Name __123Graph_ART9: [2]UK!$L$12:$AF$12
Name __123Graph_AUKROAD: [2]UK!$E$57:$AB$57
Name __123Graph_BGASDIES: [1]OECD!$L$63:$AF$63
Name __123Graph_BMANO: #REF!
Name __123Graph_BOECDPARC: [1]OECD!$L$24:$AF$24
Name __123Graph_BRT1: [1]OECD!$L$63:$AF$63
Name __123Graph_BRT10: [2]UK!$L$63:$AF$63
Name __123Graph_BRT11: [3]Italy!$L$26:$AF$26
Name __123Graph_BRT12: [3]Italy!$L$24:$AF$24
Name __123Graph_BRT13: [3]Italy!$L$63:$AF$63
Name __123Graph_BRT14: [4]Spain!$L$26:$AF$26
Name __123Graph_BRT15: [4]Spain!$L$63:$AF$63
Name __123Graph_BRT2: [1]OECD!$L$63:$AF$63
Name __123Graph_BRT22: [1]OECD!$L$61:$AF$61
Name __123Graph_BRT6: [5]Japan!$L$56:$AF$56
Name __123Graph_BRT7: [5]Japan!$L$53:$AF$53
Name __123Graph_BRT8: [5]Japan!$L$135:$AF$135
Name __123Graph_BRT9: [2]UK!$L$26:$AF$26
Name __123Graph_BUKROAD: [2]UK!$E$63:$AB$63

Sheet 6800_Перечень обор.ГСП-2
A1: Производство графитированных электродов ООО «Газпромнефть - Графитек» г. Омск, Россия
A2: ПРАЙС-ЛИСТ НА МОНТАЖ ОБОРУДОВАНИЯ PS 6800
A4: Код единичной расценки | B4: Наименование единичных расценок | C4: Ед изм | D4: Объём ГСП-2 | R4: Объем общий | S4: Прямые трудозатраты (на единицу)
D5: 0407.101 (в составе 110 и 130) | E5: 0407.120 | F5: 0407.150 | G5: 0407.200 | H5: 0407.220 | I5: 0407.230 | J5: 0407.300 | K5: 0407.421 | L5: 0407.423 | M5: 0407.790.1 | N5: 0407.790.2 | O5: 0407.910 | P5: 0407.920 | Q5: 0407.930
A6: 1 | B6: 2 | C6: 3 | D6: 4 | E6: 5 | F6: 6 | G6: 7 | H6: 9 | I6: 10 | J6: 11 | K6: 12 | L6: 13 | M6: 14 | N6: 15 | O6: 16 | P6: 17 | Q6: 18 | R6: 19 | S6: 20
A7: 6811 | B7: Монтаж оборудования поставляемое единым блоком | C7: Тонн | J7: =SUMIF(#REF!,'6800_Перечень обор.ГСП-2'!A7,#REF!) -> #REF! | N7: =#REF! -> #REF! | R7: =SUM(D7:Q7) -> #REF! | S7: 20
A8: 6820 | B8: Монтаж вертикального или горизонтального статического оборудования | C8: Тонн | D8: =SUMIF(#REF!,'6800_Перечень обор.ГСП-2'!A8,#REF!) -> #REF! | E8: =SUMIF(#REF!,'6800_Перечень обор.ГСП-2'!A8,#REF!) -> #REF! | F8: =SUMIF(#REF!,'6800_Перечень обор.ГСП-2'!A8,#REF!) -> #REF! | G8: =SUMIF(#REF!,'6800_Перечень обор.ГСП-2'!A8,#REF!) -> #REF! | I8: =SUMIF(#REF!,'6800_Перечень обор.ГСП-2'!A8,#REF!) -> #REF! | J8: =SUMIF(#REF!,'6800_Перечень обор.ГСП-2'!A8,#REF!) -> #REF! | K8: =SUMIF(#REF!,'6800_Перечень обор.ГСП-2'!A8,#REF!) -> #REF! | L8: =SUMIF(#REF!,'6800_Перечень обор.ГСП-2'!A8,#REF!) -> #REF! | R8: =SUM(D8:Q8) -> #REF! | S8: 40
A9: 6831 | B9: МОНТАЖ ОБОРУДОВАНИЯ С ОГНЕВЫМ ПОДОГРЕВОМ (ПЕЧИ И/ИЛИ БОЙЛЕРЫ) ПРЕДОСТАВЛЕННЫЕ ПОЛНОСТЬЮ СОБРАННЫМИ, ПРЕДВАРИТЕЛЬНО ПОДГОТОВЛЕННЫМИ И ПРЕДВАРИТЕЛЬНО СОБРАННЫМИ В БОЛЬШИХ СЕКЦИЯХ ИЛИ ТРЕБУЮЩИЕ ПРЕДВАРИТЕЛЬНОЙ ПОДГОТОВКИ И ДАЛЬНЕЙШЕЙ СБОРКИ НА РАБОЧЕМ МЕСТЕ | C9: Тонн | D9: =SUMIF(#REF!,'6800_Перечень обор.ГСП-2'!A9,#REF!) -> #REF! | E9: =SUMIF(#REF!,'6800_Перечень обор.ГСП-2'!A9,#REF!) -> #REF! | F9: =SUMIF(#REF!,'6800_Перечень обор.ГСП-2'!A9,#REF!) -> #REF! | G9: =#REF! -> #REF! | I9: =#REF! -> #REF! | J9: =#REF!-#REF! -> #REF! | K9: =SUMIF(#REF!,'6800_Перечень обор.ГСП-2'!A9,#REF!) -> #REF! | L9: =SUMIF(#REF!,'6800_Перечень обор.ГСП-2'!A9,#REF!) -> #REF! | R9: =SUM(D9:Q9) -> #REF! | S9: =105.19/2 -> 52.595
A10: 6852 | B10: Монтаж оборудования (насосы, компрессоры, вентиляторы, турбины, центрифуги, прессы, конвейеры и т.д) | C10: Тонн | D10: =SUMIF(#REF!,'6800_Перечень обор.ГСП-2'!A10,#REF!) -> #REF! | E10: =SUMIF(#REF!,'6800_Перечень обор.ГСП-2'!A10,#REF!) -> #REF! | F10: =SUMIF(#REF!,'6800_Перечень обор.ГСП-2'!A10,#REF!) -> #REF! | G10: =SUMIF(#REF!,'6800_Перечень обор.ГСП-2'!A10,#REF!) -> #REF! | I10: =SUMIF(#REF!,'6800_Перечень обор.ГСП-2'!A10,#REF!) -> #REF! | J10: =SUMIF(#REF!,'6800_Перечень обор.ГСП-2'!A10,#REF!) -> #REF! | K10: =SUMIF(#REF!,'6800_Перечень обор.ГСП-2'!A10,#REF!) -> #REF! | L10: =SUMIF(#REF!,'6800_Перечень обор.ГСП-2'!A10,#REF!) -> #REF! | R10: =SUM(D10:Q10) -> #REF! | S10: 69.93
A11: 6870 | B11: Монтаж воздушных охладителей | C11: Тонн | D11: =SUMIF(#REF!,'6800_Перечень обор.ГСП-2'!A11,#REF!) -> #REF! | E11: =SUMIF(#REF!,'6800_Перечень обор.ГСП-2'!A11,#REF!) -> #REF! | F11: =SUMIF(#REF!,'6800_Перечень обор.ГСП-2'!A11,#REF!) -> #REF! | G11: =SUMIF(#REF!,'6800_Перечень обор.ГСП-2'!A11,#REF!) -> #REF! | I11: =SUMIF(#REF!,'6800_Перечень обор.ГСП-2'!A11,#REF!) -> #REF! | J11: =SUMIF(#REF!,'6800_Перечень обор.ГСП-2'!A11,#REF!) -> #REF! | K11: =SUMIF(#REF!,'6800_Перечень обор.ГСП-2'!A11,#REF!) -> #REF! | L11: =SUMIF(#REF!,'6800_Перечень обор.ГСП-2'!A11,#REF!) -> #REF! | R11: =SUM(D11:Q11) -> #REF! | S11: 46.42
A12: 6880.12 | B12: Установки/системы, поставляемые отдельными единицами и блоками | C12: Тонн | D12: =SUMIF(#REF!,'6800_Перечень обор.ГСП-2'!A12,#REF!)+#REF! -> #REF! | E12: =SUMIF(#REF!,'6800_Перечень обор.ГСП-2'!A12,#REF!) -> #REF! | F12: =SUMIF(#REF!,'6800_Перечень обор.ГСП-2'!A12,#REF!) -> #REF! | G12: =SUMIF(#REF!,'6800_Перечень обор.ГСП-2'!A12,#REF!)+#REF!-#REF! -> #REF! | I12: =SUMIF(#REF!,'6800_Перечень обор.ГСП-2'!A12,#REF!)+#REF!-#REF! -> #REF! | J12: =SUMIF(#REF!,'6800_Перечень обор.ГСП-2'!A12,#REF!)+#REF!-#REF! -> #REF! | K12: =SUMIF(#REF!,'6800_Перечень обор.ГСП-2'!A12,#REF!) -> #REF! | L12: =SUMIF(#REF!,'6800_Перечень обор.ГСП-2'!A12,#REF!) -> #REF! | R12: =SUM(D12:Q12) -> #REF! | S12: =(55.16+33.1)/2 -> 44.13
A13: 6880.13 | B13: Краны мостовые, кран-балки и тали | C13: Тонн | D13: =SUMIF(#REF!,'6800_Перечень обор.ГСП-2'!A13,#REF!) -> #REF! | E13: =SUMIF(#REF!,'6800_Перечень обор.ГСП-2'!A13,#REF!) -> #REF! | F13: =SUMIF(#REF!,'6800_Перечень обор.ГСП-2'!A13,#REF!) -> #REF! | G13: =SUMIF(#REF!,'6800_Перечень обор.ГСП-2'!A13,#REF!) -> #REF! | H13: =#REF! -> #REF! | I13: =SUMIF(#REF!,'6800_Перечень обор.ГСП-2'!A13,#REF!) -> #REF! | J13: =SUMIF(#REF!,'6800_Перечень обор.ГСП-2'!A13,#REF!) -> #REF! | K13: =SUMIF(#REF!,'6800_Перечень обор.ГСП-2'!A13,#REF!) -> #REF! | L13: =SUMIF(#REF!,'6800_Перечень обор.ГСП-2'!A13,#REF!) -> #REF! | R13: =SUM(D13:Q13) -> #REF! | S13: 58.14
A14: 2521-01 | B14: Монтаж резервуаров хранения методом рулонной сборки | C14: Тонн | J14: =#REF! -> #REF! | R14: =SUM(D14:Q14) -> #REF! | S14: 161.84
B15: Итого по прайс-листу | D15: =SUM(D7:D14) -> #REF! | E15: =SUM(E7:E14) -> #REF! | F15: =SUM(F7:F14) -> #REF! | G15: =SUM(G7:G14) -> #REF! | H15: =SUM(H7:H14) -> #REF! | I15: =SUM(I7:I14) -> #REF! | J15: =SUM(J7:J14) -> #REF! | K15: =SUM(K7:K14) -> #REF! | ... R15: =SUM(R7:R14) -> #REF!
D16: =D15-'[11]обор-е ГСП-2'!AB6-'[11]пакеты ГСП-2'!K157 -> #REF! | E16: =E15-'[11]обор-е ГСП-2'!AB345 -> #REF! | F16: =F15-'[11]обор-е ГСП-2'!AB386 -> #REF! | G16: =G15-'[11]обор-е ГСП-2'!AB402-'[11]пакеты ГСП-2'!K174 -> #REF! | H16: =H15-'[11]обор-е ГСП-2'!AB429 -> #REF! | I16: =I15-'[11]обор-е ГСП-2'!AB431-'[11]пакеты ГСП-2'!K183 -> #REF! | J16: =J15-'[11]обор-е ГСП-2'!AB439-'[11]пакеты ГСП-2'!K211 -> #REF! | K16: =K15-'[11]обор-е ГСП-2'!AB468 -> #REF! | L16: =L15-'[11]обор-е ГСП-2'!AB487 -> #REF! | N16: =N15-'[11]обор-е ГСП-2'!AB516 -> #REF! | R16: =R15-'[11]обор-е ГСП-2'!AB5-'[11]пакеты ГСП-2'!K6 -> #REF!
R17: в т.ч.
Q18: обор-е отд.ед | R18: ='[11]обор-е ГСП-2'!AB5-L9 -> #REF!
Q19: ПЕЧИ | R19: ='[11]пакеты ГСП-2'!L6+L9 -> #REF!
Q20: РЕЗЕРВУАРЫ | R20: ='[11]пакеты ГСП-2'!M6 -> 42
Q21: ПАКЕТЫ | R21: ='[11]пакеты ГСП-2'!K6-'[11]пакеты ГСП-2'!L6-'[11]пакеты ГСП-2'!M6 -> 4180.625
R22: =SUM(R18:R21) -> #REF!

Sheet Лист1
A1: № п/п | B1: ТИТУЛ | C1: ТАГОВЫЙ НОМЕР ОБОРУДОВАНИЯ | D1: НАИМЕНОВАНИЕ ОБОРУДОВАНИЯ (РУССКИЙ) | E1: код ед.расценки | F1: ТЕХ. ХАРАКТЕРИСТИКИ | G1: КОЛ. | H1: ВЕС ЕДИНИЦЫ (кг) | J1: Всего масса, кг | K1: Всего масса, ТОННЫ
A3: 1 | B3: 0407.423 | C3: 423-IC-101 | D3: Инсинератор/ INCINERATOR | E3: 6831 | F3: Φ3.8×25m | G3: 1 | H3: 234800 | J3: 234800 | K3: 234.8
A4: 2 | B4: 0407.423 | C4: 423-D-101 | D4: Вентилятор/ FAN | E4: 6852 | F4: Q=5,000-5,500m3/h (м3/ч) P=2,500-3,000Pa (Па) | G4: 1 | H4: 2000 | J4: 2000 | K4: 2
A5: 3 | B5: 0407.423 | C5: 423-HJ-101 | D5: Горелка/ BURNER | E5: 6831 | F5: Q=1,100-1,200m3/h (м3/ч) | G5: 1 | H5: 1200 | J5: 1200 | K5: 1.2
A6: 4 | B6: 0407.423 | C6: 423-VBA-101～3 | D6: Пневматический клапан/ PNEUMATIC VALVE | E6: 6820 | F6: DN500 | G6: 3 | H6: 350 | J6: 1050 | K6: 1.05
A7: 5 | B7: 0407.423 | C7: 423-VBA-104 | D7: Клапан с ручным управлением / MANUAL VALVE | E7: 6820 | F7: DN500 | G7: 1 | H7: 250 | J7: 250 | K7: 0.25
A8: 6 | B8: 0407.423 | C8: 423-IC-201 | D8: Инсинератор/ INCINERATOR | E8: 6831 | F8: Φ3.8×25m | G8: 1 | H8: 234800 | J8: 234800 | K8: 234.8
A9: 7 | B9: 0407.423 | C9: 423-D-201 | D9: Вентилятор/ FAN | E9: 6852 | F9: Q=5,000-5,500m3/h (м3/ч) P=2,500-3,000Pa | G9: 1 | H9: 2000 | J9: 2000 | K9: 2
A10: 8 | B10: 0407.423 | C10: 423-HJ-201 | D10: Горелка/ BURNER | E10: 6831 | F10: Q=1,100-1,200m3/h (м3/ч) | G10: 1 | H10: 1200 | J10: 1200 | K10: 1.2
A11: 9 | B11: 0407.423 | C11: 423-VBA-201～3 | D11: Пневматический клапан/ PNEUMATIC VALVE | E11: 6820 | F11: DN500 | G11: 3 | H11: 350 | J11: 1050 | K11: 1.05
A12: 10 | B12: 0407.423 | C12: 423-VBA-204 | D12: Клапан с ручным управлением / MANUAL VALVE | E12: 6820 | F12: DN500 | G12: 1 | H12: 250 | J12: 250 | K12: 0.25
A13: 11 | B13: 0407.423 | C13: 423-B-001A | D13: Котел ВОТ / HTM Boiler | E13: 6880.12 | F13: Q=4000kW P=0.8MPa | G13: 1 | H13: 12000 | J13: 12000 | K13: 12
A14: 12 | B14: 0407.423 | C14: 423-B-001B | D14: Котел ВОТ / HTM Boiler | E14: 6880.12 | F14: Q=4000kW P=0.8MPa | G14: 1 | H14: 12000 | J14: 12000 | K14: 12
A15: 13 | B15: 0407.423 | C15: 423-B-002A | D15: Котел ВОТ / HTM Boiler | E15: 6880.12 | F15: Q=5400kW P=0.8MPa | G15: 1 | H15: 20000 | J15: 20000 | K15: 20
A16: 14 | B16: 0407.423 | C16: 423-B-002B | D16: Котел ВОТ / HTM Boiler | E16: 6880.12 | F16: Q=5400kW P=0.8MPa | G16: 1 | H16: 20000 | J16: 20000 | K16: 20
A17: 15 | B17: 0407.423 | C17: 423-P-001A | D17: Насос для оборотной воды / Circulating Water Pump | E17: 6852 | F17: Q=160m3/h (м3/ч) P=0.8MPa | G17: 1 | H17: 500 | J17: 500 | K17: 0.5
A18: 16 | B18: 0407.423 | C18: 423-P-001B | D18: Насос для оборотной воды / Circulating Water Pump | E18: 6852 | F18: Q=160m3/h (м3/ч) P=0.8MPa | G18: 1 | H18: 500 | J18: 500 | K18: 0.5
A19: 17 | B19: 0407.423 | C19: 423-P-001C | D19: Насос для оборотной воды / Circulating Water Pump | E19: 6852 | F19: Q=160m3/h (м3/ч) P=0.8MPa | G19: 1 | H19: 500 | J19: 500 | K19: 0.5
A20: 18 | B20: 0407.423 | C20: 423-P-002A | D20: Насос для восстановленной воды / Deoxidised Water Pump | E20: 6852 | F20: Q=6m3/h (м3/ч) P=0.4MPa | G20: 1 | H20: 150 | J20: 150 | K20: 0.15
A21: 19 | B21: 0407.423 | C21: 423-P-002B | D21: Насос для восстановленной воды / Deoxidised Water Pump | E21: 6852 | F21: Q=6m3/h (м3/ч) P=0.4MPa | G21: 1 | H21: 150 | J21: 150 | K21: 0.15
A22: 20 | B22: 0407.423 | C22: 423-P-003A | D22: Насос подпиточной воды для котла / Make-up Water Pump for Boiler | E22: 6852 | F22: Q=6m3/h (м3/ч) P=0.4MPa | G22: 1 | H22: 150 | J22: 150 | K22: 0.15
A23: 21 | B23: 0407.423 | C23: 423-P-003B | D23: Насос подпиточной воды для котла / Make-up Water Pump for Boiler | E23: 6852 | F23: Q=6m3/h (м3/ч) P=0.4MPa | G23: 1 | H23: 150 | J23: 150 | K23: 0.15
A24: 22 | B24: 0407.423 | C24: 423-WT-001A | D24: Устройство для смягчения / Softening Device | E24: 6820 | F24: Q=5t/h (тонн/час) P=0.6MPa | G24: 1 | H24: 1500 | J24: 1500 | K24: 1.5
A25: 23 | B25: 0407.423 | C25: 423-WT-002A | D25: Деаэратор / Deaerator | E25: 6820 | F25: Q=5m3/h (м3/ч) P=0.6MPa | G25: 1 | H25: 2000 | J25: 2000 | K25: 2
A26: 24 | B26: 0407.423 | C26: 423-D-001A | D26: Вентилятор с принудительной тягой / Induced draft Fan | E26: 6852 | F26: Q=40800m3/h (м3/ч) P=4200Pa | G26: 1 | H26: 2500 | J26: 2500 | K26: 2.5
A27: 25 | B27: 0407.423 | C27: 423-D-001B | D27: Вентилятор с принудительной тягой / Induced draft Fan | E27: 6852 | F27: Q=40800m3/h (м3/ч) P=4200Pa | G27: 1 | H27: 2500 | J27: 2500 | K27: 2.5
A28: 26 | B28: 0407.423 | C28: 423-TK-001A | D28: Резервуар для умягченной воды / Soften Water Tank | E28: 6820 | F28: V=6m3 | G28: 1 | H28: 1100 | J28: 1100 | K28: 1.1
A29: 27 | B29: 0407.423 | C29: 423-GT-001A | D29: Электрический подъемник / Electric Hoist | E29: 6880.13 | F29: T=5t H=6m | G29: 1 | H29: 500 | J29: 500 | K29: 0.5
A30: 28 | B30: 0407.423 | C30: 423-GT-001B | D30: Электрический подъемник / Electric Hoist | E30: 6880.13 | F30: T=5t H=6m | G30: 1 | H30: 500 | J30: 500 | K30: 0.5
